,time,reward_mean,reward_std
0,192.26409077644348,0.162,0.683
1,1111.2760150432587,-0.102,1.008
2,2032.087874174118,-0.105,0.582
3,2947.824096918106,-0.925,0.824
