,time,reward_mean,reward_std
0,67.83248138427734,-0.82,0.639
1,373.53002738952637,-0.47,0.754
2,673.770486831665,-0.85,0.328
3,974.196191072464,-0.603,0.803
4,1273.7744510173798,-0.705,0.451
5,1573.334532737732,-0.4,0.519
