,time,reward_mean,reward_std
0,192.26409077644348,0.162,0.683
1,1111.2760150432587,-0.102,1.008
