,time,reward_mean,reward_std
0,67.83248138427734,-0.82,0.639
1,373.53002738952637,-0.47,0.754
2,673.770486831665,-0.85,0.328
