,time,reward_mean,reward_std
0,67.83248138427734,-0.82,0.639
1,373.53002738952637,-0.47,0.754
2,673.770486831665,-0.85,0.328
3,974.196191072464,-0.603,0.803
4,1273.7744510173798,-0.705,0.451
5,1573.334532737732,-0.4,0.519
6,1873.1361804008484,-0.285,0.503
7,2176.267381668091,-0.013,0.021
8,2475.9362304210663,-0.5,0.514
9,2776.14621591568,-0.973,0.163
10,3076.5385823249817,-0.497,0.629
11,3377.398197412491,0.07,0.136
12,3677.764460325241,-0.708,0.796
13,3980.424165725708,-0.057,0.428
