,time,reward_mean,reward_std
0,65.96064686775208,-1.3,1.287
1,365.2685670852661,-0.525,0.597
2,659.9244618415833,-1.083,0.977
3,954.4065475463867,-0.365,0.511
